Time [UTC],TIME,IMPORT,EXPORT,IMPORT,EXPORT,IMPORT,EXPORT
25/11/19,11:10,815.83,2.15,258.88,0,544.62,10.36
25/11/19,11:20,753.27,11.02,133.01,0,614.91,21.12
25/11/19,11:30,698.38,11.61,131.94,0,554.78,19.04
25/11/19,11:40,746.63,2.3,231.66,0,510.49,10.87
25/11/19,11:50,743.26,0.76,300.08,0,454.19,13.95
25/11/19,12:00,769.34,0.27,291.34,0,479.17,12.25
25/11/19,12:10,838.28,3.07,331.34,0,516.96,27.83
25/11/19,12:20,594.47,8.41,138.63,0,452.54,20.66
25/11/19,12:30,543.31,5.17,133.9,0,409.55,12.04
25/11/19,12:40,630.79,2.82,205,0,431.86,15.01
25/11/19,12:50,533.56,3.67,160.89,0,373.77,13.97
25/11/19,13:00,618.58,2.12,276.39,0,358.1,19.45
25/11/19,13:10,615.36,1.69,254.53,0,372.39,24.98
25/11/19,13:20,649.31,6.99,298.64,0,377.73,29.33
25/11/19,13:30,594.35,1.76,219.22,0,375.46,10.14
25/11/19,13:40,679.17,1.86,285.52,0,393.02,13.7
25/11/19,13:50,673.6,1.83,277.38,0,405.79,11.99
25/11/19,14:00,549.91,2.34,152.35,0,395.3,11
25/11/19,14:10,645.56,1.29,238.58,0,413.17,9.82
25/11/19,14:20,748.8,1.79,335.88,0,426.51,23.84
25/11/19,14:30,570.5,4.38,198.43,0,378.14,19.7
25/11/19,14:40,673.38,0.16,293.28,0,384.68,10.22
25/11/19,14:50,596.68,14.74,208.15,0,399.96,32.31
25/11/19,15:00,625.2,0.76,260.93,0,375.32,17.89
25/11/19,15:10,676.97,0.47,313.73,0,375.11,14.01
25/11/19,15:20,765.7,2.09,359.89,0,430.57,29.73
25/11/19,15:30,702.67,6.33,298.21,0,416.78,26.04
25/11/19,15:40,748.57,0.88,364.05,0,392.44,15.7
25/11/19,15:50,741.97,2.02,379.62,0,399.29,32.55
25/11/19,16:00,780.71,0.93,424.62,0,375.88,25.93
25/11/19,16:10,849.64,2.1,421.85,0,442.49,20.93
25/11/19,16:20,830.64,0.54,413.44,0,421.61,10.22
25/11/19,16:30,853.93,0,434.6,0,426.38,5.8
25/11/19,16:40,950.42,0,485.69,0,471.16,10.31
25/11/19,16:50,1035.86,0,500.77,0,534.41,4.61
25/11/19,17:00,1016.75,0,499.86,0,512.13,5.11
25/11/19,17:10,1021.56,0.17,494.89,0,530.02,11.04
25/11/19,17:20,1084.81,0.21,487.12,0,597.98,7.43
25/11/19,17:30,1034.28,0,495.34,0,543.74,13.34
25/11/19,17:40,1127.61,0,548.6,0,585.38,8.74
25/11/19,17:50,1176.38,0.24,611.4,0,568.8,7.99
25/11/19,18:00,1247.64,0,662.85,0,581.58,11.56
25/11/19,18:10,1243.14,0.17,687.81,0,573.65,18.98
25/11/19,18:20,1313.22,0,731.55,0,582.96,11.57
25/11/19,18:30,1327.69,0,738.58,0,587.05,7.8
25/11/19,18:40,1263.78,0,738.57,0,535.79,10.4
25/11/19,18:50,1263.94,0,726.59,0,539.92,8.06
25/11/19,19:00,1267.9,0,718.21,0,553.16,6.83
25/11/19,19:10,1206.87,0,703.05,0,525.47,22.23
25/11/19,19:20,1231.67,0,703.32,0,534.89,14.21
25/11/19,19:30,1226.94,0,688.86,0,544.68,4.67
25/11/19,19:40,1175.16,0.54,633.42,0,558.74,30.95
25/11/19,19:50,1141.73,0,602.63,0,549.07,10.14
25/11/19,20:00,1129.45,0.22,581.43,0,554.06,13.7
25/11/19,20:10,1090.41,0.84,577.05,0,521.88,20.71
25/11/19,20:20,1089.11,0.4,567.28,0,542.65,20.72
25/11/19,20:30,1098.35,0.02,549.36,0,555.32,15.28
25/11/19,20:40,1058.44,0.2,541.32,0,526.57,11.63
25/11/19,20:50,1041.39,0,550.99,0,491.49,11.34
25/11/19,21:00,1055.05,0.18,539.67,0,530.59,18.91
25/11/19,21:10,1021.7,0.04,524.89,0,505.92,21.15
25/11/19,21:20,956.9,0.02,521.68,0,456.11,16.68
25/11/19,21:30,934.02,0.84,526.91,0,427.56,24
25/11/19,21:40,911.5,0.01,522.44,0,405.85,18.37
25/11/19,21:50,870.12,0.43,513.22,0,384.81,29.28
25/11/19,22:00,877.25,0,504.93,0,389.15,17.4
25/11/19,22:10,869.93,0,490.04,0,388.36,9.99
25/11/19,22:20,754.14,7.52,404.01,0,385.87,44.22
25/11/19,22:30,736.85,1.27,381.49,0,375.65,18.19
25/11/19,22:40,728.85,0.54,381.57,0,377.7,29.74
25/11/19,22:50,805.3,0.28,372.41,0,432.58,4.08
25/11/19,23:00,666.2,0.36,356.97,0,321.86,12.15
25/11/19,23:10,605.41,0.86,346.25,0,274.32,12.41
25/11/19,23:20,626.18,0.02,345.85,0,296.78,16.62
25/11/19,23:30,634.35,0,350.81,0,298.17,15.69
25/11/19,23:40,742.23,0.07,364.68,0,384.77,12.89
25/11/19,23:50,543.95,0,348.42,0,206.15,4.29
25/11/19,00:00,413.18,0,326.85,0,95.32,0
26/11/19,00:10,369.52,0,305.12,0,76.05,3.15
26/11/19,00:20,354.61,0,300.76,0,64.44,0.4
26/11/19,00:30,370.3,0,303.32,0,73.54,0
26/11/19,00:40,372.08,0,301.06,0,78.23,0
26/11/19,00:50,382.51,0,301.86,0,86.61,0
26/11/19,01:00,364.1,0,299.19,0,72.12,0
26/11/19,01:10,341.31,0,296.74,0,53.44,0
26/11/19,01:20,340.46,0,300.49,0,48.72,0
26/11/19,01:30,345.46,0,298.75,0,55.19,0
26/11/19,01:40,354.18,0,300.44,0,61.88,0
26/11/19,01:50,325.26,0,285.28,0,48.05,0
26/11/19,02:00,329.05,0,283.7,0,54.39,0
26/11/19,02:10,314.82,0,293.31,0,31.54,0
26/11/19,02:20,314.59,0,290.42,0,34.48,0
26/11/19,02:30,319.94,0,292.72,0,36.74,0
26/11/19,02:40,306.16,0,291.58,0,24.99,0
26/11/19,02:50,316.56,0,289.61,0,36.76,0
26/11/19,03:00,331.62,0,289.87,0,50.51,0
26/11/19,03:10,303.84,0,290.86,0,23.67,0
26/11/19,03:20,302.87,0,291.62,0,22.12,0
26/11/19,03:30,310.86,0,294.15,0,27.55,0
26/11/19,03:40,317.2,0,301.07,0,26.71,0
26/11/19,03:50,310.17,0,296.55,0,25.47,0
26/11/19,04:00,296.23,0,302.61,0,7.98,0.02
26/11/19,04:10,323.41,0,307.75,0,28.99,0
26/11/19,04:20,425.24,0,353.06,0,83.09,0.21
26/11/19,04:30,487.76,0,368.04,0,130.97,0.9
26/11/19,04:40,549.63,0.1,401.43,0,177.99,20.93
26/11/19,04:50,581.25,0,425.77,0,184.68,21.42
26/11/19,05:00,601.08,0,435.88,0,192.08,13.96
26/11/19,05:10,689.18,0.02,447.07,0,262.82,17.32
26/11/19,05:20,752.08,0.38,442.87,0,325.91,18.33
26/11/19,05:30,790.09,0,449.76,0,352.49,11.94
26/11/19,05:40,817.7,0,446.86,0,373.27,5.98
26/11/19,05:50,805.23,0,455.92,0,363.32,10.86
26/11/19,06:00,813.02,0,476.16,0,354.17,9.04
26/11/19,06:10,817.65,0,485.69,0,347.69,8.85
26/11/19,06:20,773.64,0,464.3,0,324.6,12.27
26/11/19,06:30,853.31,0,460.9,0,398.25,6.31
26/11/19,06:40,861.21,0,444.4,0,423.13,4.28
26/11/19,06:50,841.14,0,429.11,0,417.32,9.86
26/11/19,07:00,817.5,0.39,404.83,0,422.25,11.22
26/11/19,07:10,799.4,0.06,388.04,0,427.23,13.81
26/11/19,07:20,800.79,0.96,365.35,0,439.32,10.28
26/11/19,07:30,833.88,0,351.05,0,485.11,7.27
26/11/19,07:40,838.97,0,352.56,0,489.01,4.73
26/11/19,07:50,926.98,0.01,383.33,0,551.22,16.03
26/11/19,08:00,983.02,0,404.64,0,573.67,7.1
26/11/19,08:10,933.41,0,424.07,0,513.93,6.54
26/11/19,08:20,965.41,0,457.67,0,506.95,5.49
26/11/19,08:30,1090.31,0,511.68,0,575.01,5.58
26/11/19,08:40,972.92,0.41,493.7,0,499.17,22.15
26/11/19,08:50,1029.85,0.75,479.8,0,556.63,17
26/11/19,09:00,1014.62,0,454.77,0,555.77,5.27
26/11/19,09:10,937.59,0,412.21,0,528.49,15.57
26/11/19,09:20,925.06,1.79,375.88,0,549.35,13.4
26/11/19,09:30,900.2,0.26,374.59,0,529.8,12.97
26/11/19,09:40,917.84,0.87,362.24,0,558.13,14.56
26/11/19,09:50,877.24,2.72,346.15,0,533.97,13.86
26/11/19,10:00,955.29,0,437.35,0,520.09,6.42
26/11/19,10:10,867.04,0.55,320.76,0,538.11,9.9
26/11/19,10:20,925.85,1.35,371.11,0,562.86,16.64
26/11/19,10:30,810.31,4.33,291.44,0,535.42,30.77
26/11/19,10:40,817.15,11.43,257.12,0,570.39,25.7
26/11/19,10:50,865.57,4.5,320.3,0,546.38,17.39
26/11/19,11:00,679.82,2.29,148.26,0,521.55,9.3
26/11/19,11:10,813.69,2.14,278.12,0,541.69,11.99
26/11/19,11:20,952.55,0.95,390.6,0,572.07,18.04
26/11/19,11:30,940.4,0.03,372.78,0,558.56,3.64
26/11/19,11:40,728.17,3.48,200.16,0,520.33,7.54
26/11/19,11:50,658.17,0.08,177.87,0,471.74,3.17
26/11/19,12:00,667.82,9.9,147.39,0,518.02,19.4
26/11/19,12:10,537.81,11.15,29.15,1.453,493.43,13.89
26/11/19,12:20,564.11,5.77,160.76,2.797,412.05,18.13
26/11/19,12:30,563.06,5.82,185.2,0,391.61,18.73
26/11/19,12:40,581.17,1.21,201.43,0,378.68,6.02
26/11/19,12:50,659.91,13.33,266.34,0,409.11,32.37
26/11/19,13:00,792.26,0.49,359.02,0,434.9,10.84
26/11/19,13:10,741.62,0.37,290.4,0,454.31,7.39
26/11/19,13:20,809.72,0,363.55,0.039,447.96,4.13
26/11/19,13:30,727.79,0.04,337.1,0,393.88,8.69
26/11/19,13:40,716.42,3.73,327.97,0,408.1,25.55
26/11/19,13:50,800.77,2.68,367.47,0,447.68,21.72
26/11/19,14:00,805.32,0,393.49,0,412.77,5.83
26/11/19,14:10,810.9,3.2,418.82,0,431.73,43.41
26/11/19,14:20,835.43,0.03,449.12,0,410.63,24.4
26/11/19,14:30,873.86,0,473.23,0,408.98,11.07
26/11/19,14:40,858.91,1.5,464.34,0,410.36,14.68
26/11/19,14:50,834.13,0.01,450.31,0,389.98,11.79
26/11/19,15:00,904.59,2.04,454.27,0,463.98,18.59
26/11/19,15:10,828.34,0,455.65,0,383.07,13.96
26/11/19,15:20,800.07,0.1,446.97,0,371.65,14.54
26/11/19,15:30,858.86,0,443.51,0,419.71,7.97
26/11/19,15:40,836.96,2.58,454.96,0,405.57,27.29
26/11/19,15:50,850.04,0.13,483.76,0,382.08,16.83
26/11/19,16:00,884.29,0,482.16,0,416.71,12.84
26/11/19,16:10,933.57,0.09,469.14,0,473.07,18.83
26/11/19,16:20,932.94,0.06,469.95,0,472.34,12.86
26/11/19,16:30,954.97,0,479.43,0,480.94,6.39
26/11/19,16:40,954.01,0,504.37,0,452.96,5.86
26/11/19,16:50,1077.88,2.4,545.75,0,554.72,27.61
26/11/19,17:00,1053,0,576.42,0,479.38,7.4
26/11/19,17:10,1090.13,0.14,582.73,0,513.96,11.86
26/11/19,17:20,1212.15,0.62,596,0,634.96,30.79
26/11/19,17:30,1133.41,0,576.91,0,564.11,10.51
26/11/19,17:40,1161.43,0,580.87,0,577.6,5.8
26/11/19,17:50,1129.17,1.06,592.86,0,558.48,21.88
26/11/19,18:00,1155.07,0,599.45,0,554.72,7.49
26/11/19,18:10,1141.76,0,599.65,0,544.57,5.57
26/11/19,18:20,1141.69,0,628.85,0,531.55,21.41
26/11/19,18:30,1253.16,0,682.85,0,580.59,20.42
26/11/19,18:40,1255.76,0.09,711.84,0,562.09,16.16
26/11/19,18:50,1273.57,0,719.26,0,566.76,18.09
26/11/19,19:00,1276.81,0,714.17,0,566.76,15.69
26/11/19,19:10,1256.02,0,702.96,0,565.22,12.93
26/11/19,19:20,1211.96,0,674.61,0,547.35,12.02
26/11/19,19:30,1193.89,0,658.72,0,545.18,17.82
26/11/19,19:40,1181.99,0,646.23,0,548.88,14.78
26/11/19,19:50,1160.18,1.03,644.36,0,532.18,20.39
26/11/19,20:00,1119.24,0,598.61,0,522.93,6.91
26/11/19,20:10,1112.09,0.13,580.11,0,537.81,13.14
26/11/19,20:20,1110.65,0,572.51,0,543.01,6.4
26/11/19,20:30,1135.6,1.44,553.07,0,602.1,31.65
26/11/19,20:40,1041.37,0,536,0,518.75,13.35
26/11/19,20:50,1009.72,0,532.85,0,477.8,5.05
26/11/19,21:00,1036.58,0.05,524.96,0,524.07,13.9
26/11/19,21:10,1033.49,0,523.54,0,506.99,7.2
26/11/19,21:20,876.45,0.56,520.74,0,387.72,27.61
26/11/19,21:30,901.19,0,524.56,0,392.52,17.91
26/11/19,21:40,928.94,0.07,504.15,0,445.31,15.18
26/11/19,21:50,912.06,0.03,496.59,0,430.75,26.02
26/11/19,22:00,875.19,1.47,493,0,407.13,24.62
26/11/19,22:10,880.56,0.1,479.31,0,424.27,21.76
26/11/19,22:20,765.28,0.51,397.64,0,374.73,10.31
26/11/19,22:30,698.67,0.59,377.22,0,344.29,19.97
26/11/19,22:40,738.84,0.16,383.26,0,370.11,13.92
26/11/19,22:50,833.72,2.06,352.25,0,493.28,22.62
26/11/19,23:00,703.93,0.2,341.67,0,372.56,8.19
26/11/19,23:10,596.64,0,327.17,0,281.55,8.07
26/11/19,23:20,643.57,0.9,318.56,0,335.75,15.85
26/11/19,23:30,611.68,0.18,321.79,0,308.7,18.6
26/11/19,23:40,650.96,1.06,322.74,0,344.22,17.77
26/11/19,23:50,454.26,0,316.94,0,157.82,10.26
26/11/19,00:00,426.35,0,323.34,0,110.87,0.63
27/11/19,00:10,417.55,0,316.34,0,110.57,2.14
27/11/19,00:20,418.52,0,331.69,0,93.16,0
27/11/19,00:30,421.03,0,341.29,0,85.56,0
27/11/19,00:40,415,0,342.29,0,79.38,0
27/11/19,00:50,384.63,0,344.22,0,49.01,0
27/11/19,01:00,366.33,0,341.55,0,33.9,0
27/11/19,01:10,373.93,0,338.29,0,44.22,0
27/11/19,01:20,365.09,0,330.89,0,42.7,0
27/11/19,01:30,375.04,0,312.21,0,69.32,0
27/11/19,01:40,345.01,0,305.62,0,48.28,0
27/11/19,01:50,309.37,0,299.39,0,19.88,0
27/11/19,02:00,312.88,0,285.01,0,37.5,0
27/11/19,02:10,324.61,0,287.91,0,45.89,0
27/11/19,02:20,302.94,0,282.92,0,29.73,0
27/11/19,02:30,313.75,0,286.51,0,37.15,0
27/11/19,02:40,310.5,0,284.41,0,35.41,0
27/11/19,02:50,328.27,0,288.16,0,49.24,0
27/11/19,03:00,347.84,0,298.38,0,57.65,0
27/11/19,03:10,319.83,0,292.04,0,37.32,0
27/11/19,03:20,336.6,0,293.05,0,52.07,0
27/11/19,03:30,339.09,0,287.1,0,59.93,0
27/11/19,03:40,341.18,0,294.47,0,55.62,0
27/11/19,03:50,339.63,0,298.69,0,49.5,0
27/11/19,04:00,316.32,0,300,0,26.52,0
27/11/19,04:10,314.63,0,307.58,0,20.66,0
27/11/19,04:20,454.79,0,373.04,0,93.11,1.48
27/11/19,04:30,494.58,0,392.3,0,112.38,0.16
27/11/19,04:40,598.26,0,413.23,0,202.95,13.13
27/11/19,04:50,591,0.04,430.94,0,185.24,21.29
27/11/19,05:00,631.05,0.04,435.85,0,225.06,21.38
27/11/19,05:10,639.05,0,441.96,0,216.44,15.34
27/11/19,05:20,748.03,0,445.24,0,312.79,9.4
27/11/19,05:30,759.66,0,445.91,0,327.96,11.3
27/11/19,05:40,782.14,0,457.91,0,334.54,11.34
27/11/19,05:50,841.76,0,470.94,0,384.22,12.3
27/11/19,06:00,887.75,0,485.67,0,414.56,8.93
27/11/19,06:10,807.52,0.11,484.34,0,347.63,22.81
27/11/19,06:20,810.06,0,484.43,0,348.01,20.73
27/11/19,06:30,824.8,0.26,484.28,0,360.02,18.16
27/11/19,06:40,825.1,0.01,465.4,0,378.6,15.34
27/11/19,06:50,866.62,0.01,458.94,0,427.01,24.76
27/11/19,07:00,908.44,0.04,450.99,0,467.28,17.19
27/11/19,07:10,869.68,0,445.65,0,435.83,8.01
27/11/19,07:20,794.45,1.35,389.73,0,415.5,17.35
27/11/19,07:30,840.71,0.12,392.34,0,464.5,20.95
27/11/19,07:40,948.24,0.41,407.58,0,546.39,7.78
27/11/19,07:50,980.86,0,407.64,0,569.15,10.33
27/11/19,08:00,1025.4,0.24,388.77,0,631.88,8.75
27/11/19,08:10,922.42,0.07,378.18,0,544.51,5.48
27/11/19,08:20,953.23,0,472.51,0,482.06,6.73
27/11/19,08:30,1146.09,0,606.9,0,546.63,5.04
27/11/19,08:40,1179.73,0,656.25,0,529.12,12.78
27/11/19,08:50,1255.94,0,678.08,0,576.86,7.75
27/11/19,09:00,1141.29,0,610.28,0,537.33,7.13
27/11/19,09:10,1072.93,0.01,532.81,0,553.79,19.56
27/11/19,09:20,1130.98,0,589.48,0,543.25,10.96
27/11/19,09:30,1166,0,620.82,0,549.73,10.75
27/11/19,09:40,1148.69,0.14,611.58,0,545.78,13.44
27/11/19,09:50,1076.31,0,568.2,0,508.63,7.98
27/11/19,10:00,1003.63,0.3,494.84,0,522.08,22.18
27/11/19,10:10,974.46,2.14,443.36,0,529.26,12.1
27/11/19,10:20,891.2,2.43,342.34,0,548.86,10.54
27/11/19,10:30,903.48,2.83,380.31,0,538.86,25.2
27/11/19,10:40,863.5,1.38,306.32,0,557.86,11.58
27/11/19,10:50,978.44,0.11,439.58,0,545.72,8.34
27/11/19,11:00,947.2,1.12,427.47,0,530.39,20.21
27/11/19,11:10,943.2,7.22,410.88,0,546.87,31.4
27/11/19,11:20,839.18,3.62,274.99,0,564.74,15.69
27/11/19,11:30,859.97,0.77,307.61,0,546.62,9.4
27/11/19,11:40,744.77,1.29,224.3,0,508.49,6.57
27/11/19,11:50,674.86,1.88,198.49,0,478.93,12.08
27/11/19,12:00,738.76,3.52,193.42,0,534.01,7.94
27/11/19,12:10,765.7,1.34,245.53,0,514.95,5.71
27/11/19,12:20,598.15,2.99,164.95,0,428.78,8.94
27/11/19,12:30,693.48,0.81,291.54,0,404.11,8.43
27/11/19,12:40,786.6,1.49,375.35,0,433.43,26.97
27/11/19,12:50,564.7,3.7,116.28,0,436.6,10.25
27/11/19,13:00,546.16,8.73,128.83,0.163,415.04,14.14
27/11/19,13:10,520.03,10.59,121.7,0,396.8,16.23
27/11/19,13:20,526.15,8.99,118.54,0,401.99,15.93
27/11/19,13:30,480.91,17.68,85.37,0,398.01,26.11
27/11/19,13:40,705.25,3.32,281.94,0,435.81,19.51
27/11/19,13:50,726.05,6.45,295.18,0,444.62,26.03
27/11/19,14:00,608.14,1.62,249.16,0,368.93,13
27/11/19,14:10,557.27,9.02,184.26,0,375.54,22.5
27/11/19,14:20,650.4,11.14,251.81,0,416.64,31.5
27/11/19,14:30,619.39,2.27,231.41,0,394.16,16.83
27/11/19,14:40,600.96,3.16,192.06,0,411.85,12.89
27/11/19,14:50,609.64,0.92,197.48,0,411.81,11.07
27/11/19,15:00,654.93,5.23,220.42,0,434.46,14.94
27/11/19,15:10,634.07,0,244.47,0,390.99,4.52
27/11/19,15:20,798.25,0.34,383.23,0,425.74,12.3
27/11/19,15:30,754.95,0.67,326.48,0,430.06,11.88
27/11/19,15:40,743.67,0.78,309.25,0,441.62,13.8
27/11/19,15:50,719.57,0,314.97,0,402.16,3.47
27/11/19,16:00,862.71,0,444.83,0,423.28,9.3
27/11/19,16:10,860.86,0.7,419.33,0,452.55,14.39
27/11/19,16:20,951.01,0,506.74,0,444.15,7.46
27/11/19,16:30,1014.99,0,534.76,0,486.96,5.52
27/11/19,16:40,1075.2,0.04,548.96,0,531.35,19.42
27/11/19,16:50,1176.14,0,591.46,0,587.45,5.37
27/11/19,17:00,1116.31,0,607.94,0,502.32,2.22
27/11/19,17:10,1144.72,0,638.19,0,513.54,9.54
27/11/19,17:20,1291.7,0,658.28,0,630.1,3.21
27/11/19,17:30,1156.07,0,636.69,0,524.21,8.35
27/11/19,17:40,1187.84,0,662.68,0,523.98,8.3
27/11/19,17:50,1211.44,0,679.56,0,535.31,8.62
27/11/19,18:00,1294.82,0,702.56,0,589.82,1.2
27/11/19,18:10,1278.56,0,741.2,0,545.24,11.2
27/11/19,18:20,1309.99,0,765.07,0,550.06,14.96
27/11/19,18:30,1281.43,0,752.82,0,533.07,6.48
27/11/19,18:40,1286.3,0,741.83,0,546.04,7.09
27/11/19,18:50,1278.2,0,742.35,0,556.65,21.36
27/11/19,19:00,1296.71,0.1,748.95,0,568.4,21.5
27/11/19,19:10,1281.33,0.04,757.88,0,541.23,21.82
27/11/19,19:20,1326.6,0,764.42,0,559.48,4.54
27/11/19,19:30,1243.5,0.04,734.27,0,525.56,16.21
27/11/19,19:40,1219.06,0,696.85,0,522.58,6.75
27/11/19,19:50,1190.49,0.01,674.54,0,532.18,16.2
27/11/19,20:00,1153.35,0.82,636.81,0,530.85,21.87
27/11/19,20:10,1135.23,0.07,612.2,0,539.86,19.48
27/11/19,20:20,1138.87,0,584.73,0,559.9,13.53
27/11/19,20:30,1165.53,0,570.88,0,596.88,5.74
27/11/19,20:40,1138.21,0,565.26,0,577.26,10.53
27/11/19,20:50,1057.26,0,559.53,0,500.21,3.61
27/11/19,21:00,1068.81,0,543.36,0,526.27,5.94
27/11/19,21:10,989.97,0,525,0,463.72,3.45
27/11/19,21:20,948.69,0,523.56,0,430.81,10.52
27/11/19,21:30,890.78,0,521.66,0,383.36,12.56
27/11/19,21:40,921.03,0,506.63,0,425.44,10.39
27/11/19,21:50,897.06,0,491.42,0,407.66,5.03
27/11/19,22:00,895.36,0.9,494.97,0,428.83,27.21
27/11/19,22:10,875.14,3.06,482.92,0,407.35,19.51
27/11/19,22:20,770.78,0.49,400.53,0,375.23,8.94
27/11/19,22:30,720.94,0.04,373.31,0,364.01,13.06
27/11/19,22:40,742.44,0.01,371.73,0,380.43,13.81
27/11/19,22:50,807.79,0,371.23,0,441.07,0.87
27/11/19,23:00,768.78,0,358.06,0,405.91,0.42
27/11/19,23:10,642.32,0.01,344.46,0,314.58,16.38
27/11/19,23:20,637.96,0.43,340.93,0,312.68,12.9
27/11/19,23:30,654.71,0.03,344.08,0,316.75,10.52
27/11/19,23:40,665.52,0.57,347.02,0,336.82,15.15
27/11/19,23:50,468.47,1.46,338.24,0,155.49,16.17
27/11/19,00:00,417.2,0,326.08,0,100.04,0.26
28/11/19,00:10,278.15,0.73,213.91,0,72.87,4.27
28/11/19,00:20,306.38,0,274.01,0,42.21,0.02
28/11/19,00:30,355.6,0,315,0,48.74,0
28/11/19,00:40,357.82,0,321.55,0,44.97,0
28/11/19,00:50,351.1,0,320.3,0,39.26,0
28/11/19,01:00,356.45,0,318.34,0,46.39,0
28/11/19,01:10,347.56,0,314.19,0,42.12,0
28/11/19,01:20,361.05,0,319.89,0,49.47,0
28/11/19,01:30,349.72,0,317.31,0,40.99,0
28/11/19,01:40,342.38,0,302.48,0,48.4,0.1
28/11/19,01:50,348.62,0,313.41,0,46.98,3.47
28/11/19,02:00,364.28,0,319.78,0,52.66,0
28/11/19,02:10,385.57,0,327.09,0,67.52,1.19
28/11/19,02:20,365.56,0,325.36,0,48.34,0
28/11/19,02:30,355.88,0,322.38,0,42.31,0
28/11/19,02:40,349.2,0,323.39,0,35.25,0
28/11/19,02:50,348.5,0,317.98,0,39.6,0
28/11/19,03:00,345.77,0,320.75,0,34.41,0
28/11/19,03:10,336.54,0,316.48,0,29.71,0
28/11/19,03:20,348.44,0,317.31,0,40.02,0
28/11/19,03:30,341.14,0,314.98,0,35.69,0
28/11/19,03:40,345.36,0,326.58,0,28.86,0
28/11/19,03:50,343.44,0,330,0,23.77,0
28/11/19,04:00,343.56,0,329.5,0,24.24,0
28/11/19,04:10,341.5,0,336.48,0,17.47,0
28/11/19,04:20,423.36,0,376.34,0,59.16,0
28/11/19,04:30,488.76,0,373.22,0,126.31,0.91
28/11/19,04:40,555.26,0,398.82,0,177.56,13.83
28/11/19,04:50,548.51,0.52,408.55,0,185.93,37.03
28/11/19,05:00,634.76,0,433.63,0,213.4,5.62
28/11/19,05:10,648.52,0.02,450.99,0,226.51,24.15
28/11/19,05:20,697.5,0,444.65,0,270.93,13.76
28/11/19,05:30,740.3,0,462.43,0,286.56,7.11
28/11/19,05:40,818.6,0,471.16,0,352.93,3.88
28/11/19,05:50,807.82,0,468.17,0,346.75,5.01
28/11/19,06:00,825.38,0,473.75,0,354.22,3.55
28/11/19,06:10,869.36,0.48,481.1,0,400.69,9.53
28/11/19,06:20,823.07,0,476.16,0,363.72,11.8
28/11/19,06:30,845.01,0,470.58,0,390.67,11.59
28/11/19,06:40,848.95,0,456.48,0,397.83,11.14
28/11/19,06:50,814.09,0.52,440.8,0,389.46,12.65
28/11/19,07:00,886.6,0,437.19,0,452.01,4.37
28/11/19,07:10,868.15,0,440.69,0,429.69,5.89
28/11/19,07:20,877.65,0.02,433.57,0,454.29,8.39
28/11/19,07:30,792.92,0.05,336.44,0,451.59,8.26
28/11/19,07:40,901.37,0.29,351.07,0,553.21,8.14
28/11/19,07:50,962.58,0.26,405.83,0,565.61,14.42
28/11/19,08:00,999.4,0,433.68,0,557.32,1.95
28/11/19,08:10,960.62,0,408.31,0,550.52,5.29
28/11/19,08:20,943.94,0.02,450.99,0,500.24,13.18
28/11/19,08:30,1156.55,0,581.93,0,574.16,2.29
28/11/19,08:40,1143.3,0,635.38,0,519.51,16.83
28/11/19,08:50,1096.41,0,585.89,0,523.55,16.62
28/11/19,09:00,1103.45,0,572.82,0,539.03,12.76
28/11/19,09:10,1113.86,0,587,0,525.77,8.2
28/11/19,09:20,1158.13,0,615.05,0,546.84,15.68
28/11/19,09:30,1115.97,0,602.57,0,523.56,5.38
28/11/19,09:40,1065.32,0.02,530.02,0,539.84,17.76
28/11/19,09:50,1056.7,0.13,524.85,0,542.77,19.01
28/11/19,10:00,1058.2,0.37,503.85,0,563.36,11.18
28/11/19,10:10,1056.01,2.87,512.86,0,550.78,18.5
28/11/19,10:20,1006.2,0,468.08,0,539.02,7.22
28/11/19,10:30,882.61,1.4,345.44,0,538.33,19.34
28/11/19,10:40,844.93,1.13,284.23,0,556.38,9.76
28/11/19,10:50,664.75,2.33,128.57,0,528.66,6.31
28/11/19,11:00,787.62,0.65,247.43,0,546.9,15.64
28/11/19,11:10,861.89,0.2,272.35,0,582.07,3.27
28/11/19,11:20,890.67,0.25,286.89,0,593.63,7.67
28/11/19,11:30,819.29,0.41,242.24,0,571.17,6.34
28/11/19,11:40,912.44,0.63,366.37,0,542.79,9.14
28/11/19,11:50,831.99,0.59,328.07,0,506.1,7.51
28/11/19,12:00,845.83,0.14,327.95,0,516.9,13.68
28/11/19,12:10,746.85,0.09,273.75,0,461.26,3.56
28/11/19,12:20,831.25,1,387.51,0,441.18,13.29
28/11/19,12:30,560.75,2.92,195.54,3.433,376.88,13.72
28/11/19,12:40,608.01,1.17,216.09,0,395.53,9.37
28/11/19,12:50,713.17,0,300.42,0,417.77,9.73
28/11/19,13:00,703.21,0.89,312.3,0,405.3,23.77
28/11/19,13:10,738.21,1.2,354,0,399.28,17.65
28/11/19,13:20,728.69,0.88,334.77,0,407.84,18.82
28/11/19,13:30,677.77,1.91,306.87,0,383.8,17.16
28/11/19,13:40,684.28,0.75,306.88,0,383.51,10.92
28/11/19,13:50,725.21,1.43,354.75,0,390.82,27.75
28/11/19,14:00,769.2,1.55,373.17,0,418,23.94
28/11/19,14:10,738.94,3.49,357.87,0,397.4,22
28/11/19,14:20,626.84,2.54,254.54,0,384.33,20.66
28/11/19,14:30,680.71,1.08,237.58,0,440.56,7.37
28/11/19,14:40,611.41,5.43,227.27,0,400.46,28.55
28/11/19,14:50,747.26,1.11,299.38,0,445.4,6.89
28/11/19,15:00,669.51,1.03,244.1,0,431.17,8.79
28/11/19,15:10,666.53,3.08,258.48,0,419.36,22.36
28/11/19,15:20,746.82,0.36,314.17,0,438.87,11.08
28/11/19,15:30,745.07,0.88,346.9,0,406.13,11.28
28/11/19,15:40,781.17,0.04,375.26,0,413.42,14.73
28/11/19,15:50,846.59,0,420.55,0,435.33,10.35
28/11/19,16:00,848.86,0,473.91,0,376.86,6.17
28/11/19,16:10,934.21,0,497.78,0,445.62,11.14
28/11/19,16:20,967.91,0,523.31,0,445.38,2.93
28/11/19,16:30,1013.37,0,529.42,0,490.28,10.8
28/11/19,16:40,1046.55,0.29,547.48,0,502.49,10.22
28/11/19,16:50,1070.95,0.09,548.86,0,538,14.74
28/11/19,17:00,1047.72,0,546.99,0,507.6,16.06
28/11/19,17:10,1143.53,0,584.25,0,561.73,10
28/11/19,17:20,1187.88,0,625.16,0,578.11,19.76
28/11/19,17:30,1186.89,0,632.73,0,555.65,8
28/11/19,17:40,1234.27,0,662.49,0,587.38,16.41
28/11/19,17:50,1267.81,0,683.61,0,585.51,5.78
28/11/19,18:00,1285.85,0,713.28,0,568.75,4.22
28/11/19,18:10,1212.34,0,667.63,0,552.09,16.56
28/11/19,18:20,1206.69,0,655.74,0,559.36,11.36
28/11/19,18:30,1249.05,0,687.66,0,566.05,8.44
28/11/19,18:40,1297.03,0,754.62,0,553.24,13.58
28/11/19,18:50,1358.06,0,797.58,0,563.32,4.86
28/11/19,19:00,1318.99,0,782.03,0,544.12,12.07
28/11/19,19:10,1323.72,0,771.13,0,553.97,6.43
28/11/19,19:20,1301.4,0,767.81,0,544.31,9.51
28/11/19,19:30,1256.11,0,735.36,0,532.82,16.49
28/11/19,19:40,1224.57,0,691.29,0,533.35,6.36
28/11/19,19:50,1221.73,0,694.24,0,534.15,6.56
28/11/19,20:00,1179.18,0,674,0,504.99,6.28
28/11/19,20:10,1201.66,0,650.16,0,555.31,6.94
28/11/19,20:20,1237.85,0,632.44,0,609.13,13.78
28/11/19,20:30,1173.94,0,588.56,0,581.85,2.23
28/11/19,20:40,1100.9,0,575.53,0,525.21,3.53
28/11/19,20:50,1047.7,0,573.69,0,486.37,15.65
28/11/19,21:00,1096.43,0.49,554.93,0,561.13,29.15
28/11/19,21:10,1062.62,0,558.36,0,509.71,11.19
28/11/19,21:20,991.75,0,548.26,0,443.22,6.47
28/11/19,21:30,896.19,0,536.61,0,378.81,13.92
28/11/19,21:40,953.03,0,523.94,0,440.3,16.85
28/11/19,21:50,890.54,3.09,510.8,0,412.39,33.35
28/11/19,22:00,821.84,0.01,489.09,0,352.74,21.79
28/11/19,22:10,855.97,0.01,463.94,0,420.42,27.49
28/11/19,22:20,766.27,0,415.26,0,369.95,18.76
28/11/19,22:30,722.12,0.2,401.51,0,340.97,15.95
28/11/19,22:40,729.68,1.56,401.72,0,356.37,33.46
28/11/19,22:50,771.97,0.57,375.43,0,401.58,7.54
28/11/19,23:00,640.24,1.1,356.31,0,300.63,20.23
28/11/19,23:10,629,0.02,352.13,0,301.88,18.36
28/11/19,23:20,611.48,2.38,349.06,0,280.85,23.87
28/11/19,23:30,617.82,0.82,345.28,0,295.14,20.74
28/11/19,23:40,617.68,1.27,340.75,0,300.43,21.47
28/11/19,23:50,482.66,0,324.24,0,173.11,9.47
28/11/19,00:00,385.55,0,323.59,0,69.99,0
29/11/19,00:10,392.48,0,321.96,0,80.15,3.02
29/11/19,00:20,397.14,0,314.8,0,87.75,0
29/11/19,00:30,390.02,0,310.91,0,82.99,0
29/11/19,00:40,354.52,0,307.75,0,53.18,0
29/11/19,00:50,396.56,0,315.23,0,85.51,0
29/11/19,01:00,409.39,0,314.63,0,98.27,0
29/11/19,01:10,371.42,0,317.57,0,59.71,0
29/11/19,01:20,364.39,0,316.96,0,53.7,0
29/11/19,01:30,373.34,0,323.15,0,56.02,0
29/11/19,01:40,370.7,0,320.2,0,56.07,0
29/11/19,01:50,366.18,0,316.22,0,55.87,0
29/11/19,02:00,360.36,0,316.77,0,57.41,7.11
29/11/19,02:10,363.91,0,316.33,0,57.53,4.15
29/11/19,02:20,355.63,0,319.19,0,43.06,0
29/11/19,02:30,357.59,0,315.64,0,48.7,0.16
29/11/19,02:40,359.47,0,318.85,0,46.96,0.06
29/11/19,02:50,363.6,0,316.52,0,52.17,0
29/11/19,03:00,348.62,0,312.62,0,43.28,0.03
29/11/19,03:10,337.94,0,307.25,0,37.2,0
29/11/19,03:20,314.18,0,287.61,0,33.95,0.12
29/11/19,03:30,312.12,0,290.15,0,29.6,0.06
29/11/19,03:40,310.23,0,291.02,0,27.62,0
29/11/19,03:50,303.35,0,297.81,0,16.94,0
29/11/19,04:00,310.42,0,304.91,0,16.99,0
29/11/19,04:10,287.63,0,307.09,0,2.59,8.52
29/11/19,04:20,381.49,0,349.1,0,44.8,2.43
29/11/19,04:30,488.79,0,378.78,0,118.03,0.33
29/11/19,04:40,546.1,0.36,405.87,0,171.85,23.63
29/11/19,04:50,571.42,0,439.31,0,171.71,31.84
29/11/19,05:00,602.38,0.1,444.98,0,187.56,22.79
29/11/19,05:10,648.91,0.55,442.59,0,236.34,29.42
29/11/19,05:20,737.9,0,444.18,0,306.09,14.49
29/11/19,05:30,762.76,0,443.92,0,326.99,9.24
29/11/19,05:40,826.68,0,442.7,0,387.03,6.13
29/11/19,05:50,802.13,0,451.73,0,354.51,8.83
29/11/19,06:00,823.22,0.21,465.65,0,386.02,24.42
29/11/19,06:10,803.17,0.01,479.84,0,348.39,22
29/11/19,06:20,788.48,2.41,485.26,0,340.2,39.72
29/11/19,06:30,819.81,0,495.97,0,346.54,21.02
29/11/19,06:40,860.93,0.01,490.42,0,392.35,18.47
29/11/19,06:50,891.46,0,492.05,0,410.56,12.43
29/11/19,07:00,890.83,0.03,482.49,0,423.51,20.32
29/11/19,07:10,846.43,1.04,455.52,0,408.47,19.72
29/11/19,07:20,861.5,1.66,428.48,0,444.3,17.62
29/11/19,07:30,858.64,0.21,398.73,0,461.24,8.39
29/11/19,07:40,873.47,0.28,399.83,0,479.27,9.1
29/11/19,07:50,968.12,2.94,402.91,0,556.37,13.46
29/11/19,08:00,1004.15,1.91,409.58,0,601.97,15.06
29/11/19,08:10,1013.63,0.04,458.4,0,561.14,12.26
29/11/19,08:20,1073.27,0,535.37,0,541.38,11.35
29/11/19,08:30,1183.06,0,612.82,0,577.92,10.9
29/11/19,08:40,1052.95,0.06,527.55,0,527.17,12.3
29/11/19,08:50,1047.22,0,492.29,0,553.88,8.38
29/11/19,09:00,929.61,0.26,398.5,0,533.54,12.89
29/11/19,09:10,1044.43,0,533.36,0,525.8,18.25
29/11/19,09:20,1155.8,0,630.75,0,531.13,10.01
29/11/19,09:30,957.67,1.3,406.02,0,542.43,16.01
29/11/19,09:40,959.13,2.1,414.74,0,562.07,22.56
29/11/19,09:50,952.53,4.77,410.99,0,554.64,24.76
29/11/19,10:00,1025.81,1.6,484.15,0,559.37,31.89
29/11/19,10:10,863.17,0.57,318.45,0,548.5,13.51
29/11/19,10:20,844.81,1.63,301.27,0,539.28,9.68
29/11/19,10:30,845.81,1.97,288.24,0,543.18,10.06
29/11/19,10:40,858.52,0.74,305.68,0,555.23,5.93
29/11/19,10:50,873.74,1.11,307.65,0,567.17,17.96
29/11/19,11:00,927.99,2.16,350.19,0,573.63,9.84
29/11/19,11:10,1007.38,0.47,426.92,0,583.36,12.24
29/11/19,11:20,875.76,0.52,228.18,0,630.61,5.48
29/11/19,11:30,882.35,0,323.62,0,547.2,3.73
29/11/19,11:40,754.33,1.92,171.18,0,571.38,6.43
29/11/19,11:50,842.51,0.54,299.13,0,542.05,9.45
29/11/19,12:00,780.55,1.01,281.22,0,499.46,6.48
29/11/19,12:10,806.01,3.91,343.93,0,473.6,22.64
29/11/19,12:20,592.14,3.26,184.46,0,407.82,19
29/11/19,12:30,481.71,9.54,52.08,0.351,418.74,12.94
29/11/19,12:40,583.98,5.91,140.64,0.415,440.25,13.45
29/11/19,12:50,662.72,6.09,231.61,0,436.69,21.7
29/11/19,13:00,580.31,8.91,175.86,0,412.99,18.35
29/11/19,13:10,687.13,2.4,309.03,0,403.2,30.12
29/11/19,13:20,695.5,5.95,286.74,0,422.92,32.52
29/11/19,13:30,651.92,1.18,273.89,0,387.05,14.98
29/11/19,13:40,727.81,3.17,346.4,0,403.67,25.84
29/11/19,13:50,682.92,1.15,312.41,0,383.88,20.94
29/11/19,14:00,810.16,0.17,402.62,0,419.02,15.2
29/11/19,14:10,650.74,2.6,272.61,0,384.53,7.5
29/11/19,14:20,521.94,7.77,147.38,0,381.38,26.03
29/11/19,14:30,602.02,0.19,206.53,0,400.44,10.17
29/11/19,14:40,576.81,1.32,185.65,0,388.27,7.5
29/11/19,14:50,654.42,3.28,254.23,0,407.99,17.89
29/11/19,15:00,641.39,1.28,198.39,0,438.78,6.83
